[
  {
    "id": "57ba30d3-b495-418a-871d-6abc88708bcc",
    "data": [
      {
        "text": "Can I have some ",
        "userDefined": false
      },
      {
        "text": "rice",
        "alias": "order",
        "meta": "@order",
        "userDefined": false
      }
    ],
    "isTemplate": false,
    "count": 0
  },
  {
    "id": "091ec1ee-ca52-4e87-b144-2b44866a73b0",
    "data": [
      {
        "text": "I want ",
        "userDefined": false
      },
      {
        "text": "sugar",
        "alias": "order",
        "meta": "@order",
        "userDefined": false
      }
    ],
    "isTemplate": false,
    "count": 0
  },
  {
    "id": "128c7b5d-de9f-46e0-a928-2a3c8ea754f6",
    "data": [
      {
        "text": "sugar",
        "alias": "order",
        "meta": "@order",
        "userDefined": false
      },
      {
        "text": " ",
        "userDefined": false
      },
      {
        "text": "5 kg",
        "alias": "unit-weight",
        "meta": "@sys.unit-weight",
        "userDefined": false
      }
    ],
    "isTemplate": false,
    "count": 0
  },
  {
    "id": "bbe4057c-1029-4e25-babb-dc2b94c20a0f",
    "data": [
      {
        "text": "I want to buy ",
        "userDefined": false
      },
      {
        "text": "sugar",
        "alias": "order",
        "meta": "@order",
        "userDefined": false
      }
    ],
    "isTemplate": false,
    "count": 0
  },
  {
    "id": "293a6cb9-f568-430a-b9ef-0b82d0c8eb98",
    "data": [
      {
        "text": "RIce",
        "alias": "order",
        "meta": "@order",
        "userDefined": false
      }
    ],
    "isTemplate": false,
    "count": 0
  },
  {
    "id": "2cc12949-7b3e-4320-9eef-1a40fd012a55",
    "data": [
      {
        "text": "what are the varieties of ",
        "userDefined": false
      },
      {
        "text": "sugar",
        "alias": "order",
        "meta": "@order",
        "userDefined": false
      }
    ],
    "isTemplate": false,
    "count": 0
  },
  {
    "id": "5c2b8440-2d6c-4446-925a-2befaf49b66e",
    "data": [
      {
        "text": "can I have some ",
        "userDefined": false
      },
      {
        "text": "sugar",
        "alias": "order",
        "meta": "@order",
        "userDefined": false
      }
    ],
    "isTemplate": false,
    "count": 1
  },
  {
    "id": "34bc7d82-5d2f-437b-95e7-9c172559aaa3",
    "data": [
      {
        "text": "some ",
        "userDefined": false
      },
      {
        "text": "sugar",
        "alias": "order",
        "meta": "@order",
        "userDefined": false
      }
    ],
    "isTemplate": false,
    "count": 0
  },
  {
    "id": "6c93ff10-33c9-4e11-891d-6ea59619fc22",
    "data": [
      {
        "text": "I want ",
        "userDefined": false
      },
      {
        "text": "rice",
        "alias": "order",
        "meta": "@order",
        "userDefined": false
      }
    ],
    "isTemplate": false,
    "count": 0
  },
  {
    "id": "33053510-c40d-43c8-a654-5c0b95873e27",
    "data": [
      {
        "text": "5 kg",
        "alias": "unit-weight",
        "meta": "@sys.unit-weight",
        "userDefined": false
      },
      {
        "text": " ",
        "userDefined": false
      },
      {
        "text": "sugar",
        "alias": "order",
        "meta": "@order",
        "userDefined": false
      }
    ],
    "isTemplate": false,
    "count": 0
  },
  {
    "id": "195d9628-dee1-458b-992a-e4409745d576",
    "data": [
      {
        "text": "sugar",
        "alias": "order",
        "meta": "@order",
        "userDefined": false
      }
    ],
    "isTemplate": false,
    "count": 0
  }
]